{
  "domain_type": 1,
  "parameters": {
    "A": 0.97,
    "B": 1.321,
    "R0": 0.0
  },
  "grid": {
    "N_xyz": 48,
    "range": [
      -6.0,
      6.0
    ]
  },
  "kinematics": {
    "v": 0.1,
    "t": 30.0
  },
  "type1_verification": {
    "type1_fraction_total": 0.9917534589767456,
    "type1_fraction_masked": 1.0,
    "flux_norm": {
      "min": 1.0000000036274937e-15,
      "max": 3.794549741087394e-08,
      "mean": 1.985847875030089e-10,
      "std": 2.7378679323675215e-09
    },
    "eigenvalue_gap": {
      "min": 7.295784598682076e-08,
      "max": 0.26218491792678833,
      "mean": 0.002731422893702984,
      "std": 0.005962683819234371
    }
  },
  "energy_conditions_masked": {
    "NEC": {
      "success_fraction": 0.28717178106307983,
      "margin": {
        "min": -5.8711442947387695,
        "max": 0.05292656272649765,
        "mean": -0.3168754279613495,
        "std": 0.5864384770393372
      }
    },
    "WEC": {
      "success_fraction": 0.2847556471824646,
      "margin": {
        "min": -5.8711442947387695,
        "max": 0.05292656272649765,
        "mean": -0.31725895404815674,
        "std": 0.5862296223640442
      }
    },
    "DEC": {
      "success_fraction": 0.00934536848217249,
      "margin": {
        "min": -12.353011131286621,
        "max": 0.05150992423295975,
        "mean": -0.6252318024635315,
        "std": 0.7031334638595581
      }
    },
    "SEC": {
      "success_fraction": 0.5377917289733887,
      "margin": {
        "min": -11.851187705993652,
        "max": 24.845914840698242,
        "mean": -0.01562071219086647,
        "std": 1.8924363851547241
      }
    }
  }
}