{
  "domain_type": 1,
  "parameters": {
    "A": 0.97,
    "B": 1.321,
    "R0": 0.0
  },
  "grid": {
    "N_xyz": 64,
    "range": [
      -6.0,
      6.0
    ]
  },
  "kinematics": {
    "v": 0.1,
    "t": 30.0
  },
  "type1_verification": {
    "type1_fraction_total": 0.99169921875,
    "type1_fraction_masked": 1.0,
    "flux_norm": {
      "min": 1.0000000036274937e-15,
      "max": 1.5178198964349576e-07,
      "mean": 1.6304047001369781e-10,
      "std": 2.9993028061170435e-09
    },
    "eigenvalue_gap": {
      "min": 3.997411113232374e-08,
      "max": 0.38293570280075073,
      "mean": 0.0027642424684017897,
      "std": 0.0067525589838624
    }
  },
  "energy_conditions_masked": {
    "NEC": {
      "success_fraction": 0.2878931164741516,
      "margin": {
        "min": -9.101152420043945,
        "max": 0.16813655197620392,
        "mean": -0.31804028153419495,
        "std": 0.5889619588851929
      }
    },
    "WEC": {
      "success_fraction": 0.2864006459712982,
      "margin": {
        "min": -9.101152420043945,
        "max": 0.12066460400819778,
        "mean": -0.3184296786785126,
        "std": 0.5887498259544373
      }
    },
    "DEC": {
      "success_fraction": 0.008535666391253471,
      "margin": {
        "min": -15.147398948669434,
        "max": 0.03915625065565109,
        "mean": -0.6275280714035034,
        "std": 0.7098767161369324
      }
    },
    "SEC": {
      "success_fraction": 0.5362352132797241,
      "margin": {
        "min": -18.418254852294922,
        "max": 30.342018127441406,
        "mean": -0.01682855561375618,
        "std": 1.9056209325790405
      }
    }
  }
}