{
  "domain_type": 1,
  "parameters": {
    "A": 0.97,
    "B": 1.321,
    "R0": 0.0
  },
  "grid": {
    "N_xyz": 96,
    "range": [
      -6.0,
      6.0
    ]
  },
  "kinematics": {
    "v": 0.1,
    "t": 30.0
  },
  "type1_verification": {
    "type1_fraction_total": 0.9918529391288757,
    "type1_fraction_masked": 1.0,
    "flux_norm": {
      "min": 1.0000000036274937e-15,
      "max": 1.5178198964349576e-07,
      "mean": 2.791667730317471e-10,
      "std": 4.412192833314066e-09
    },
    "eigenvalue_gap": {
      "min": 1.0622898116707802e-08,
      "max": 0.7297463417053223,
      "mean": 0.0028893814887851477,
      "std": 0.009425117634236813
    }
  },
  "energy_conditions_masked": {
    "NEC": {
      "success_fraction": 0.2932179868221283,
      "margin": {
        "min": -64.21349334716797,
        "max": 0.4126432538032532,
        "mean": -0.306494802236557,
        "std": 0.6882728338241577
      }
    },
    "WEC": {
      "success_fraction": 0.2925353944301605,
      "margin": {
        "min": -64.21349334716797,
        "max": 0.12843258678913116,
        "mean": -0.30689889192581177,
        "std": 0.6880899667739868
      }
    },
    "DEC": {
      "success_fraction": 0.00710176769644022,
      "margin": {
        "min": -70.8095932006836,
        "max": 0.06802599877119064,
        "mean": -0.631862461566925,
        "std": 0.8877902626991272
      }
    },
    "SEC": {
      "success_fraction": 0.5480246543884277,
      "margin": {
        "min": -127.95768737792969,
        "max": 141.14993286132812,
        "mean": 0.03780364245176315,
        "std": 2.187368869781494
      }
    }
  }
}