{
  "domain_type": 2,
  "parameters": {
    "A": 1.848,
    "B": 1.135,
    "R0": 1.292
  },
  "grid": {
    "N_xyz": 64,
    "range": [
      -6.0,
      6.0
    ]
  },
  "kinematics": {
    "v": 0.1,
    "t": 30.0
  },
  "type1_verification": {
    "type1_fraction_total": 0.99493408203125,
    "type1_fraction_masked": 1.0,
    "flux_norm": {
      "min": 1.0000000036274937e-15,
      "max": 3.035639508652821e-07,
      "mean": 8.87924578307775e-09,
      "std": 4.374843953769414e-08
    },
    "eigenvalue_gap": {
      "min": 0.00022965669631958008,
      "max": 1.6504528522491455,
      "mean": 0.10082104802131653,
      "std": 0.1919715851545334
    }
  },
  "energy_conditions_masked": {
    "NEC": {
      "success_fraction": 0.2619999945163727,
      "margin": {
        "min": -51.72126388549805,
        "max": 0.454523503780365,
        "mean": -1.4806686639785767,
        "std": 3.8529021739959717
      }
    },
    "WEC": {
      "success_fraction": 0.2619999945163727,
      "margin": {
        "min": -51.72126388549805,
        "max": 0.454523503780365,
        "mean": -1.4806686639785767,
        "std": 3.8529021739959717
      }
    },
    "DEC": {
      "success_fraction": 0.02250000089406967,
      "margin": {
        "min": -51.79654312133789,
        "max": 0.454523503780365,
        "mean": -3.4125330448150635,
        "std": 5.067656517028809
      }
    },
    "SEC": {
      "success_fraction": 0.5239999890327454,
      "margin": {
        "min": -103.94503021240234,
        "max": 104.09568786621094,
        "mean": 1.006774663925171,
        "std": 12.84146785736084
      }
    }
  }
}