{
  "domain_type": 2,
  "parameters": {
    "A": 1.848,
    "B": 1.135,
    "R0": 1.292
  },
  "grid": {
    "N_xyz": 96,
    "range": [
      -6.0,
      6.0
    ]
  },
  "kinematics": {
    "v": 0.1,
    "t": 30.0
  },
  "type1_verification": {
    "type1_fraction_total": 0.9950087070465088,
    "type1_fraction_masked": 1.0,
    "flux_norm": {
      "min": 1.0000000036274937e-15,
      "max": 6.07127958573983e-07,
      "mean": 9.442250537006203e-09,
      "std": 5.8510131850653124e-08
    },
    "eigenvalue_gap": {
      "min": 1.761317253112793e-05,
      "max": 6.014505386352539,
      "mean": 0.1911279708147049,
      "std": 0.6579102277755737
    }
  },
  "energy_conditions_masked": {
    "NEC": {
      "success_fraction": 0.24825581908226013,
      "margin": {
        "min": -2426.114501953125,
        "max": 0.4272644519805908,
        "mean": -22.386146545410156,
        "std": 186.08245849609375
      }
    },
    "WEC": {
      "success_fraction": 0.24825581908226013,
      "margin": {
        "min": -2426.114501953125,
        "max": 0.4272644519805908,
        "mean": -22.386146545410156,
        "std": 186.08245849609375
      }
    },
    "DEC": {
      "success_fraction": 0.0338662788271904,
      "margin": {
        "min": -2432.81982421875,
        "max": 0.4198843836784363,
        "mean": -45.20676803588867,
        "std": 260.83477783203125
      }
    },
    "SEC": {
      "success_fraction": 0.5373546481132507,
      "margin": {
        "min": -4848.427734375,
        "max": 4861.83984375,
        "mean": 1.217395305633545,
        "std": 529.1484375
      }
    }
  }
}