epoch,A,B,alpha
1,0.9700010418891907,1.3210010528564453,240.0
