epoch,total_loss,physics_loss,reg_breach,inv_alpha,E_soft_%,shear_pen
1,4.166666507720947,1.2837372224266952e-12,0.0,4.166666507720947,0.0071160378865897655,0.0
