{
  "domain_type": 2,
  "parameters": {
    "A": 1.848,
    "B": 1.135,
    "R0": 1.292
  },
  "grid": {
    "N_xyz": 48,
    "range": [
      -6.0,
      6.0
    ]
  },
  "kinematics": {
    "v": 0.1,
    "t": 30.0
  },
  "type1_verification": {
    "type1_fraction_total": 0.9950087070465088,
    "type1_fraction_masked": 1.0,
    "flux_norm": {
      "min": 1.0000000036274937e-15,
      "max": 7.589098771632052e-08,
      "mean": 2.210418070802689e-09,
      "std": 1.276184846688011e-08
    },
    "eigenvalue_gap": {
      "min": 0.0003191232681274414,
      "max": 0.8451614379882812,
      "mean": 0.09928597509860992,
      "std": 0.17134447395801544
    }
  },
  "energy_conditions_masked": {
    "NEC": {
      "success_fraction": 0.1650485396385193,
      "margin": {
        "min": -10.099720001220703,
        "max": 0.1277216672897339,
        "mean": -2.4614012241363525,
        "std": 2.7472903728485107
      }
    },
    "WEC": {
      "success_fraction": 0.1650485396385193,
      "margin": {
        "min": -10.099720001220703,
        "max": 0.1277216672897339,
        "mean": -2.4614012241363525,
        "std": 2.7472903728485107
      }
    },
    "DEC": {
      "success_fraction": 0.04368932172656059,
      "margin": {
        "min": -15.985665321350098,
        "max": 0.1277216672897339,
        "mean": -3.7264511585235596,
        "std": 3.1424598693847656
      }
    },
    "SEC": {
      "success_fraction": 0.3252427279949188,
      "margin": {
        "min": -21.819950103759766,
        "max": 33.53810501098633,
        "mean": -2.609740734100342,
        "std": 10.349677085876465
      }
    }
  }
}