{
  "single_shell": {
    "N48": {
      "domain_type": 1,
      "parameters": {
        "A": 0.97,
        "B": 1.321,
        "R0": 0.0
      },
      "grid": {
        "N_xyz": 48,
        "range": [
          -6.0,
          6.0
        ]
      },
      "kinematics": {
        "v": 0.1,
        "t": 30.0
      },
      "type1_verification": {
        "type1_fraction_total": 0.9917534589767456,
        "type1_fraction_masked": 1.0,
        "flux_norm": {
          "min": 1.0000000036274937e-15,
          "max": 3.794549741087394e-08,
          "mean": 1.985847875030089e-10,
          "std": 2.7378679323675215e-09
        },
        "eigenvalue_gap": {
          "min": 7.295784598682076e-08,
          "max": 0.26218491792678833,
          "mean": 0.002731422893702984,
          "std": 0.005962683819234371
        }
      },
      "energy_conditions_masked": {
        "NEC": {
          "success_fraction": 0.28717178106307983,
          "margin": {
            "min": -5.8711442947387695,
            "max": 0.05292656272649765,
            "mean": -0.3168754279613495,
            "std": 0.5864384770393372
          }
        },
        "WEC": {
          "success_fraction": 0.2847556471824646,
          "margin": {
            "min": -5.8711442947387695,
            "max": 0.05292656272649765,
            "mean": -0.31725895404815674,
            "std": 0.5862296223640442
          }
        },
        "DEC": {
          "success_fraction": 0.00934536848217249,
          "margin": {
            "min": -12.353011131286621,
            "max": 0.05150992423295975,
            "mean": -0.6252318024635315,
            "std": 0.7031334638595581
          }
        },
        "SEC": {
          "success_fraction": 0.5377917289733887,
          "margin": {
            "min": -11.851187705993652,
            "max": 24.845914840698242,
            "mean": -0.01562071219086647,
            "std": 1.8924363851547241
          }
        }
      }
    },
    "N64": {
      "domain_type": 1,
      "parameters": {
        "A": 0.97,
        "B": 1.321,
        "R0": 0.0
      },
      "grid": {
        "N_xyz": 64,
        "range": [
          -6.0,
          6.0
        ]
      },
      "kinematics": {
        "v": 0.1,
        "t": 30.0
      },
      "type1_verification": {
        "type1_fraction_total": 0.99169921875,
        "type1_fraction_masked": 1.0,
        "flux_norm": {
          "min": 1.0000000036274937e-15,
          "max": 1.5178198964349576e-07,
          "mean": 1.6304047001369781e-10,
          "std": 2.9993028061170435e-09
        },
        "eigenvalue_gap": {
          "min": 3.997411113232374e-08,
          "max": 0.38293570280075073,
          "mean": 0.0027642424684017897,
          "std": 0.0067525589838624
        }
      },
      "energy_conditions_masked": {
        "NEC": {
          "success_fraction": 0.2878931164741516,
          "margin": {
            "min": -9.101152420043945,
            "max": 0.16813655197620392,
            "mean": -0.31804028153419495,
            "std": 0.5889619588851929
          }
        },
        "WEC": {
          "success_fraction": 0.2864006459712982,
          "margin": {
            "min": -9.101152420043945,
            "max": 0.12066460400819778,
            "mean": -0.3184296786785126,
            "std": 0.5887498259544373
          }
        },
        "DEC": {
          "success_fraction": 0.008535666391253471,
          "margin": {
            "min": -15.147398948669434,
            "max": 0.03915625065565109,
            "mean": -0.6275280714035034,
            "std": 0.7098767161369324
          }
        },
        "SEC": {
          "success_fraction": 0.5362352132797241,
          "margin": {
            "min": -18.418254852294922,
            "max": 30.342018127441406,
            "mean": -0.01682855561375618,
            "std": 1.9056209325790405
          }
        }
      }
    },
    "N96": {
      "domain_type": 1,
      "parameters": {
        "A": 0.97,
        "B": 1.321,
        "R0": 0.0
      },
      "grid": {
        "N_xyz": 96,
        "range": [
          -6.0,
          6.0
        ]
      },
      "kinematics": {
        "v": 0.1,
        "t": 30.0
      },
      "type1_verification": {
        "type1_fraction_total": 0.9918529391288757,
        "type1_fraction_masked": 1.0,
        "flux_norm": {
          "min": 1.0000000036274937e-15,
          "max": 1.5178198964349576e-07,
          "mean": 2.791667730317471e-10,
          "std": 4.412192833314066e-09
        },
        "eigenvalue_gap": {
          "min": 1.0622898116707802e-08,
          "max": 0.7297463417053223,
          "mean": 0.0028893814887851477,
          "std": 0.009425117634236813
        }
      },
      "energy_conditions_masked": {
        "NEC": {
          "success_fraction": 0.2932179868221283,
          "margin": {
            "min": -64.21349334716797,
            "max": 0.4126432538032532,
            "mean": -0.306494802236557,
            "std": 0.6882728338241577
          }
        },
        "WEC": {
          "success_fraction": 0.2925353944301605,
          "margin": {
            "min": -64.21349334716797,
            "max": 0.12843258678913116,
            "mean": -0.30689889192581177,
            "std": 0.6880899667739868
          }
        },
        "DEC": {
          "success_fraction": 0.00710176769644022,
          "margin": {
            "min": -70.8095932006836,
            "max": 0.06802599877119064,
            "mean": -0.631862461566925,
            "std": 0.8877902626991272
          }
        },
        "SEC": {
          "success_fraction": 0.5480246543884277,
          "margin": {
            "min": -127.95768737792969,
            "max": 141.14993286132812,
            "mean": 0.03780364245176315,
            "std": 2.187368869781494
          }
        }
      }
    }
  },
  "double_shell": {
    "N48": {
      "domain_type": 2,
      "parameters": {
        "A": 1.848,
        "B": 1.135,
        "R0": 1.292
      },
      "grid": {
        "N_xyz": 48,
        "range": [
          -6.0,
          6.0
        ]
      },
      "kinematics": {
        "v": 0.1,
        "t": 30.0
      },
      "type1_verification": {
        "type1_fraction_total": 0.9950087070465088,
        "type1_fraction_masked": 1.0,
        "flux_norm": {
          "min": 1.0000000036274937e-15,
          "max": 7.589098771632052e-08,
          "mean": 2.210418070802689e-09,
          "std": 1.276184846688011e-08
        },
        "eigenvalue_gap": {
          "min": 0.0003191232681274414,
          "max": 0.8451614379882812,
          "mean": 0.09928597509860992,
          "std": 0.17134447395801544
        }
      },
      "energy_conditions_masked": {
        "NEC": {
          "success_fraction": 0.1650485396385193,
          "margin": {
            "min": -10.099720001220703,
            "max": 0.1277216672897339,
            "mean": -2.4614012241363525,
            "std": 2.7472903728485107
          }
        },
        "WEC": {
          "success_fraction": 0.1650485396385193,
          "margin": {
            "min": -10.099720001220703,
            "max": 0.1277216672897339,
            "mean": -2.4614012241363525,
            "std": 2.7472903728485107
          }
        },
        "DEC": {
          "success_fraction": 0.04368932172656059,
          "margin": {
            "min": -15.985665321350098,
            "max": 0.1277216672897339,
            "mean": -3.7264511585235596,
            "std": 3.1424598693847656
          }
        },
        "SEC": {
          "success_fraction": 0.3252427279949188,
          "margin": {
            "min": -21.819950103759766,
            "max": 33.53810501098633,
            "mean": -2.609740734100342,
            "std": 10.349677085876465
          }
        }
      }
    },
    "N64": {
      "domain_type": 2,
      "parameters": {
        "A": 1.848,
        "B": 1.135,
        "R0": 1.292
      },
      "grid": {
        "N_xyz": 64,